{
  "project_info": {
    "project_number": "725802081550",
    "project_id": "studyuk-amd",
    "storage_bucket": "studyuk-amd.appspot.com"
  },
  "client": [
    {
      "client_info": {
        "mobilesdk_app_id": "1:725802081550:android:c2df91d76032be1d9acb5f",
        "android_client_info": {
          "package_name": "io.studyuk"
        }
      },
      "oauth_client": [
        {
          "client_id": "725802081550-6m7sgpjo34mcokfv89j3t4his7hu5ma3.apps.googleusercontent.com",
          "client_type": 3
        }
      ],
      "api_key": [
        {
          "current_key": "AIzaSyDbAg271qQj_JzVXSibX7BFE30bcTFkJrk"
        }
      ],
      "services": {
        "appinvite_service": {
          "other_platform_oauth_client": [
            {
              "client_id": "725802081550-6m7sgpjo34mcokfv89j3t4his7hu5ma3.apps.googleusercontent.com",
              "client_type": 3
            }
          ]
        }
      }
    }
  ],
  "configuration_version": "1"
}